{"labels": ["B12 Eksikligi Anemisi", "Bobrek Yetmezligi", "D Vitamini Eksikligi", "DVT/Emboli", "Dehidrasyon", "Demir Eksikligi Anemisi", "Diyabet", "Enfeksiyon (Bakteriyel)", "Enfeksiyon (Viral)", "Hepatit", "Hipertiroidi", "Hipoglisemi", "Hipotiroidi", "Kalp Krizi Riski", "Kalp Yetmezligi", "Karaciger Yaglanmasi", "Losemi Suphesi", "Lupus (SLE)", "PIhtilasma Bozuklugu (Hemofili)", "Romatoid Artrit", "Saglikli", "Siroz", "Trombositopeni"], "mean": [13.6290850076571, 90.21312803511098, 10110.371149019993, 223.91599083444422, 96.54945897083077, 482.3791940865204, 9.967549251858788, 39.15464953381337, 37.16788248451066, 33.39841019313615, 1.1584951058666708, 36.37005367741858, 1.0809162149469862, 96.96898665663987, 4.412309932172635, 140.41738573030136, 4.2031830481193175, 96.88705189259284, 5.25388099840144, 10.025346547693418, 2.4565816977138843, 3.5074027345382732, 1.2373804242310746, 0.0, 0.12725970212620097, 104.66441508665898, 100.04411593808692, 281.31625706543747, 31.48616072774582, 6.617391050391466, 14.400325727808266, 0.27983371055653167, 0.0406, 0.0462, 0.0424, 0.0, 38.48075639758423], "scale": [1.6468987696475814, 7.650639822396037, 13167.62148082261, 80.802837243305, 25.934019671260167, 128.1157142239416, 1.9849763343057443, 62.08917798834796, 62.10399854734168, 17.667642561835056, 1.3496748157372511, 25.51034744586905, 0.9196383777507778, 17.630324559363423, 0.508406047367745, 2.9588895155317627, 0.3014480423477243, 45.414954238758604, 1.2832325720482576, 2.011530199063424, 2.605214395860199, 0.3934913783802027, 0.43664627851889654, 1.0, 0.5990286562362656, 266.9735167683356, 19.90444637534345, 395.75662299845084, 8.519800417190575, 19.86647843369925, 15.453935169751965, 1.2460092789520756, 0.19736169841182458, 0.2099179839842218, 0.2014999751861027, 1.0, 11.42421112825544]}